{"_position":[10.011449813842774,1.5,0.713742733001709],"_health":100,"_level":0,"_score":0,"_scene":"ch_1_tunnels_1"}